Date,Close,High,Low,Open
2024-01-01 00:00:00,2062.81,2063.22,2062.76,2062.94
2024-01-01 00:30:00,2062.81,2063.22,2062.76,2062.94
2024-01-01 01:00:00,2062.81,2063.22,2062.76,2062.94
2024-01-01 01:30:00,2062.81,2063.22,2062.76,2062.94
2024-01-01 02:00:00,2062.81,2063.22,2062.76,2062.94
2024-01-01 02:30:00,2062.81,2063.22,2062.76,2062.94
2024-01-01 03:30:00,2062.81,2063.22,2062.76,2062.94
2024-01-01 04:00:00,2062.81,2063.22,2062.76,2062.94
2024-01-01 04:30:00,2062.81,2063.22,2062.76,2062.94
2024-01-01 05:00:00,2062.81,2063.22,2062.76,2062.94
2024-01-01 05:30:00,2062.81,2063.22,2062.76,2062.94
2024-01-01 06:00:00,2062.81,2063.22,2062.76,2062.94
2024-01-01 06:30:00,2062.81,2063.22,2062.76,2062.94
2024-01-01 07:00:00,2066.25,2066.25,2065.78,2065.85
2024-01-01 07:30:00,2066.25,2066.25,2065.78,2065.85
2024-01-01 08:00:00,2066.25,2066.25,2065.78,2065.85
2024-01-01 08:30:00,2066.25,2066.25,2065.78,2065.85
2024-01-01 09:00:00,2066.25,2066.25,2065.78,2065.85
2024-01-01 09:30:00,2066.25,2066.25,2065.78,2065.85
2024-01-01 10:00:00,2066.25,2066.25,2065.78,2065.85
2024-01-01 10:30:00,2066.25,2066.25,2065.78,2065.85
2024-01-01 11:00:00,2066.25,2066.25,2065.78,2065.85
2024-01-01 11:30:00,2066.25,2066.25,2065.78,2065.85
2024-01-01 12:00:00,2066.25,2066.25,2065.78,2065.85
2024-01-01 12:30:00,2066.25,2066.25,2065.78,2065.85
2024-01-01 13:00:00,2066.25,2066.25,2065.78,2065.85
2024-01-01 13:30:00,2066.25,2066.25,2065.78,2065.85
2024-01-01 14:00:00,2066.25,2066.25,2065.78,2065.85
2024-01-01 14:30:00,2066.25,2066.25,2065.78,2065.85
2024-01-01 15:00:00,2066.25,2066.25,2065.78,2065.85
2024-01-01 15:30:00,2066.25,2066.25,2065.78,2065.85
2024-01-01 16:00:00,2066.25,2066.25,2065.78,2065.85
2024-01-01 16:30:00,2066.25,2066.25,2065.78,2065.85
2024-01-01 17:00:00,2066.25,2066.25,2065.78,2065.85
2024-01-01 17:30:00,2066.25,2066.25,2065.78,2065.85
2024-01-01 18:00:00,2066.25,2066.25,2065.78,2065.85
2024-01-01 18:30:00,2066.25,2066.25,2065.78,2065.85
2024-01-01 19:00:00,2066.25,2066.25,2065.78,2065.85
2024-01-01 19:30:00,2066.25,2066.25,2065.78,2065.85
2024-01-01 20:00:00,2066.25,2066.25,2065.78,2065.85
2024-01-01 20:30:00,2066.25,2066.25,2065.78,2065.85
2024-01-01 21:00:00,2066.25,2066.25,2065.78,2065.85
2024-01-01 21:30:00,2066.25,2066.25,2065.78,2065.85
2024-01-01 22:00:00,2066.25,2066.25,2065.78,2065.85
2024-01-01 22:30:00,2066.25,2066.25,2065.78,2065.85
2024-01-01 23:00:00,2066.25,2066.25,2065.78,2065.85
2024-01-01 23:30:00,2066.25,2066.25,2065.78,2065.85
2024-01-02 00:00:00,2066.25,2066.25,2065.78,2065.85
2024-01-02 00:30:00,2066.25,2066.25,2065.78,2065.85
2024-01-02 01:00:00,2066.25,2066.25,2065.78,2065.85
2024-01-02 01:30:00,2066.25,2066.25,2065.78,2065.85
2024-01-02 02:00:00,2066.25,2066.25,2065.78,2065.85
2024-01-02 02:30:00,2066.25,2066.25,2065.78,2065.85
2024-01-02 03:00:00,2066.25,2066.25,2065.78,2065.85
2024-01-02 03:30:00,2066.25,2066.25,2065.78,2065.85
2024-01-02 04:00:00,2066.25,2066.25,2065.78,2065.85
2024-01-02 04:30:00,2066.25,2066.25,2065.78,2065.85
2024-01-02 05:00:00,2066.25,2066.25,2065.78,2065.85
2024-01-02 05:30:00,2066.25,2066.25,2065.78,2065.85
2024-01-02 06:00:00,2066.25,2066.25,2065.78,2065.85
2024-01-02 06:30:00,2066.25,2066.25,2065.78,2065.85
2024-01-02 07:00:00,2066.25,2066.25,2065.78,2065.85
2024-01-02 07:30:00,2066.25,2066.25,2065.78,2065.85
2024-01-02 08:00:00,2066.25,2066.25,2065.78,2065.85
2024-01-02 08:30:00,2066.25,2066.25,2065.78,2065.85
2024-01-02 09:00:00,2065.88,2065.88,2064.87,2065.55
2024-01-02 09:30:00,2065.54,2065.54,2063.89,2063.89
2024-01-02 10:00:00,2063.87,2064.69,2063.04,2063.08
2024-01-02 10:30:00,2063.1,2065.6,2063.1,2065.47
2024-01-02 11:00:00,2065.49,2068.59,2065.38,2068.43
2024-01-02 11:30:00,2068.44,2068.46,2066.96,2066.96
2024-01-02 12:00:00,2066.95,2066.95,2064.79,2066.64
2024-01-02 12:30:00,2066.66,2068.0,2066.24,2067.7
2024-01-02 13:00:00,2067.72,2069.86,2067.24,2069.8
2024-01-02 13:30:00,2069.79,2070.01,2069.1,2069.34
2024-01-02 14:00:00,2069.38,2070.1,2069.38,2069.79
2024-01-02 14:30:00,2069.77,2070.21,2069.34,2069.47
2024-01-02 15:00:00,2069.49,2071.48,2069.49,2071.48
2024-01-02 15:30:00,2071.48,2074.24,2071.31,2074.24
2024-01-02 16:00:00,2074.26,2075.56,2073.71,2075.56
2024-01-02 16:30:00,2075.59,2076.07,2074.35,2074.36
2024-01-02 17:00:00,2074.34,2075.91,2074.33,2075.41
2024-01-02 17:30:00,2075.41,2075.5,2074.6,2074.6
2024-01-02 18:00:00,2074.5,2074.5,2072.95,2072.95
2024-01-02 18:30:00,2072.94,2073.86,2072.56,2073.26
2024-01-02 19:00:00,2073.27,2075.22,2073.27,2074.8
2024-01-02 19:30:00,2074.79,2078.31,2074.79,2077.83
2024-01-02 20:00:00,2077.78,2077.78,2074.56,2075.11
2024-01-02 20:30:00,2075.09,2076.15,2075.01,2076.05
2024-01-02 21:00:00,2076.04,2076.05,2073.97,2075.05
2024-01-02 21:30:00,2075.07,2075.08,2069.3,2069.3
2024-01-02 22:00:00,2069.3,2069.3,2066.41,2066.41
2024-01-02 22:30:00,2066.39,2067.78,2066.22,2067.76
2024-01-02 23:00:00,2067.77,2068.18,2066.08,2067.41
2024-01-02 23:30:00,2067.42,2069.33,2067.01,2067.01
2024-01-03 00:00:00,2066.99,2066.99,2065.59,2066.67
2024-01-03 00:30:00,2066.65,2068.75,2066.46,2068.73
2024-01-03 01:00:00,2068.85,2069.43,2065.05,2065.06
2024-01-03 01:30:00,2065.07,2065.07,2058.46,2058.72
2024-01-03 02:00:00,2058.77,2066.01,2058.77,2065.84
2024-01-03 02:30:00,2065.8,2066.42,2064.87,2066.33
2024-01-03 03:00:00,2066.32,2066.63,2063.84,2064.16
2024-01-03 03:30:00,2064.15,2064.84,2062.8,2062.8
2024-01-03 04:00:00,2062.8,2064.55,2062.16,2064.55
2024-01-03 04:30:00,2064.57,2064.57,2061.17,2061.17
2024-01-03 05:00:00,2061.15,2061.99,2061.13,2061.3
2024-01-03 05:30:00,2061.3,2061.84,2060.96,2060.96
2024-01-03 06:00:00,2060.95,2061.19,2060.18,2060.18
2024-01-03 06:30:00,2060.14,2060.14,2058.64,2058.64
2024-01-03 07:00:00,2058.6,2058.8,2058.44,2058.69
2024-01-03 07:30:00,2058.68,2059.13,2058.65,2059.04
2024-01-03 08:00:00,2059.04,2059.04,2058.99,2058.99
2024-01-03 08:30:00,2058.99,2058.99,2058.99,2058.99
2024-01-03 09:00:00,2058.99,2059.33,2058.92,2059.33
2024-01-03 09:30:00,2059.34,2059.82,2059.01,2059.6
2024-01-03 10:00:00,2059.6,2061.56,2059.48,2061.56
2024-01-03 10:30:00,2061.61,2061.69,2060.6,2060.65
2024-01-03 11:00:00,2060.62,2061.66,2060.51,2060.78
2024-01-03 11:30:00,2060.81,2062.37,2060.81,2062.37
2024-01-03 12:00:00,2062.37,2064.03,2062.14,2064.03
2024-01-03 12:30:00,2064.06,2064.91,2063.91,2064.63
2024-01-03 13:00:00,2064.65,2065.19,2063.67,2063.72
2024-01-03 13:30:00,2063.71,2065.14,2063.69,2065.14
2024-01-03 14:00:00,2065.15,2065.15,2064.7,2064.96
2024-01-03 14:30:00,2064.98,2065.41,2064.79,2064.81
2024-01-03 15:00:00,2064.81,2064.81,2063.98,2064.15
2024-01-03 15:30:00,2064.11,2065.4,2064.11,2064.36
2024-01-03 16:00:00,2064.34,2065.2,2064.16,2064.35
2024-01-03 16:30:00,2064.38,2064.8,2064.18,2064.63
2024-01-03 17:00:00,2064.62,2064.62,2061.85,2061.85
2024-01-03 17:30:00,2061.83,2063.45,2061.56,2063.45
2024-01-03 18:00:00,2063.42,2063.92,2061.09,2061.09
2024-01-03 18:30:00,2061.08,2061.31,2060.09,2060.23
2024-01-03 19:00:00,2060.21,2060.25,2058.46,2058.77
2024-01-03 19:30:00,2058.8,2058.88,2056.27,2056.53
2024-01-03 20:00:00,2056.56,2056.92,2054.07,2054.07
2024-01-03 20:30:00,2054.01,2055.33,2053.87,2054.93
2024-01-03 21:00:00,2054.94,2055.19,2052.47,2052.47
2024-01-03 21:30:00,2052.45,2052.45,2048.67,2048.67
2024-01-03 22:00:00,2047.46,2047.54,2043.88,2043.88
2024-01-03 22:30:00,2043.81,2046.52,2043.37,2046.05
2024-01-03 23:00:00,2046.04,2046.86,2043.03,2043.03
2024-01-03 23:30:00,2042.95,2043.84,2040.64,2040.67
2024-01-04 00:00:00,2040.68,2041.06,2036.16,2036.42
2024-01-04 00:30:00,2036.44,2038.16,2034.84,2038.14
2024-01-04 01:00:00,2038.14,2044.76,2037.71,2038.45
2024-01-04 01:30:00,2038.38,2038.38,2033.37,2033.48
2024-01-04 02:00:00,2033.43,2034.85,2033.03,2034.43
2024-01-04 02:30:00,2034.41,2034.46,2032.25,2032.27
2024-01-04 03:00:00,2032.29,2033.2,2032.07,2032.77
2024-01-04 03:30:00,2032.78,2032.8,2031.46,2032.28
2024-01-04 04:00:00,2032.37,2034.76,2032.37,2034.76
2024-01-04 04:30:00,2034.79,2036.0,2034.71,2035.9
2024-01-04 05:00:00,2035.92,2036.62,2032.01,2036.62
2024-01-04 05:30:00,2036.77,2038.96,2036.22,2036.51
2024-01-04 06:00:00,2036.54,2040.74,2036.54,2040.68
2024-01-04 06:30:00,2040.73,2041.87,2040.73,2041.76
2024-01-04 07:00:00,2041.7,2041.7,2040.67,2041.45
2024-01-04 07:30:00,2041.45,2041.46,2040.94,2041.38
2024-01-04 08:00:00,2041.39,2041.47,2041.39,2041.47
2024-01-04 08:30:00,2041.46,2041.47,2041.46,2041.46
2024-01-04 09:00:00,2041.47,2042.92,2041.46,2042.75
2024-01-04 09:30:00,2042.74,2043.54,2042.64,2043.27
2024-01-04 10:00:00,2043.25,2043.25,2042.68,2042.99
2024-01-04 10:30:00,2043.0,2043.0,2042.07,2042.17
2024-01-04 11:00:00,2042.18,2042.8,2042.1,2042.3
2024-01-04 11:30:00,2042.19,2042.19,2040.61,2042.04
2024-01-04 12:00:00,2042.06,2044.26,2042.06,2044.26
2024-01-04 12:30:00,2044.26,2044.26,2043.05,2043.98
2024-01-04 13:00:00,2044.03,2046.27,2044.03,2046.27
2024-01-04 13:30:00,2046.29,2046.61,2045.3,2045.3
2024-01-04 14:00:00,2045.27,2045.27,2043.11,2043.17
2024-01-04 14:30:00,2043.18,2044.45,2043.07,2043.07
2024-01-04 15:00:00,2043.07,2043.7,2042.85,2043.55
2024-01-04 15:30:00,2043.56,2044.05,2043.02,2044.05
2024-01-04 16:00:00,2044.06,2047.35,2044.03,2047.32
2024-01-04 16:30:00,2047.36,2047.54,2045.91,2046.95
2024-01-04 17:00:00,2046.98,2048.08,2046.98,2048.08
2024-01-04 17:30:00,2048.11,2049.04,2047.72,2047.9
2024-01-04 18:00:00,2047.88,2047.88,2047.33,2047.7
2024-01-04 18:30:00,2047.68,2047.68,2046.03,2046.63
2024-01-04 19:00:00,2046.65,2048.29,2046.65,2047.11
2024-01-04 19:30:00,2047.12,2050.03,2047.12,2048.45
2024-01-04 20:00:00,2048.42,2049.39,2047.56,2049.39
2024-01-04 20:30:00,2049.41,2049.45,2047.4,2047.82
2024-01-04 21:00:00,2047.84,2048.02,2047.63,2047.87
2024-01-04 21:30:00,2047.88,2047.93,2045.49,2045.49
2024-01-04 22:00:00,2045.1,2045.22,2044.5,2045.22
2024-01-04 22:30:00,2045.24,2045.78,2045.18,2045.78
2024-01-04 23:00:00,2045.81,2046.47,2044.15,2044.5
2024-01-04 23:30:00,2044.51,2044.51,2040.07,2040.53
2024-01-05 00:00:00,2040.51,2041.33,2038.98,2040.78
2024-01-05 00:30:00,2040.75,2040.76,2038.12,2039.48
2024-01-05 01:00:00,2039.5,2044.23,2039.5,2044.23
2024-01-05 01:30:00,2044.45,2045.71,2044.19,2044.6
2024-01-05 02:00:00,2044.64,2045.51,2044.58,2045.4
2024-01-05 02:30:00,2045.39,2045.88,2044.84,2044.97
2024-01-05 03:00:00,2044.97,2044.97,2042.0,2042.0
2024-01-05 03:30:00,2041.99,2043.58,2041.64,2043.3
2024-01-05 04:00:00,2043.31,2043.53,2042.11,2042.5
2024-01-05 04:30:00,2042.51,2043.33,2042.47,2043.01
2024-01-05 05:00:00,2043.03,2043.63,2042.82,2042.95
2024-01-05 05:30:00,2042.94,2044.67,2042.7,2044.59
2024-01-05 06:00:00,2044.58,2044.66,2043.96,2043.96
2024-01-05 06:30:00,2044.0,2044.62,2043.65,2043.65
2024-01-05 07:00:00,2043.64,2044.14,2043.44,2043.44
2024-01-05 07:30:00,2043.43,2043.76,2043.31,2043.51
2024-01-05 08:00:00,2043.5,2043.5,2043.41,2043.42
2024-01-05 08:30:00,2043.41,2043.42,2043.41,2043.42
2024-01-05 09:00:00,2043.41,2044.55,2043.23,2043.23
2024-01-05 09:30:00,2043.22,2044.38,2043.06,2044.38
2024-01-05 10:00:00,2044.4,2044.4,2043.69,2043.83
2024-01-05 10:30:00,2043.84,2044.55,2043.81,2044.42
2024-01-05 11:00:00,2044.44,2047.65,2044.42,2046.71
2024-01-05 11:30:00,2046.68,2047.31,2045.99,2046.47
2024-01-05 12:00:00,2046.45,2047.54,2046.12,2047.44
2024-01-05 12:30:00,2047.44,2047.44,2046.44,2046.48
2024-01-05 13:00:00,2046.46,2046.46,2045.47,2045.47
2024-01-05 13:30:00,2045.47,2045.8,2045.26,2045.3
2024-01-05 14:00:00,2045.31,2045.96,2044.94,2045.96
2024-01-05 14:30:00,2045.98,2046.18,2045.02,2045.03
2024-01-05 15:00:00,2045.01,2045.01,2043.68,2044.13
2024-01-05 15:30:00,2044.15,2044.92,2044.15,2044.44
2024-01-05 16:00:00,2044.46,2044.72,2042.97,2042.97
2024-01-05 16:30:00,2042.94,2042.94,2041.54,2042.44
2024-01-05 17:00:00,2042.45,2046.07,2042.45,2045.48
2024-01-05 17:30:00,2045.44,2045.44,2043.48,2043.48
2024-01-05 18:00:00,2043.46,2043.91,2042.68,2042.78
2024-01-05 18:30:00,2042.79,2042.81,2042.16,2042.42
2024-01-05 19:00:00,2042.42,2042.84,2042.24,2042.42
2024-01-05 19:30:00,2042.41,2042.41,2039.19,2039.19
2024-01-05 20:00:00,2039.15,2039.15,2037.79,2037.8
2024-01-05 20:30:00,2037.78,2039.87,2037.78,2039.87
2024-01-05 21:00:00,2039.9,2040.11,2037.91,2037.91
2024-01-05 21:30:00,2037.9,2039.17,2037.87,2039.16
2024-01-05 22:00:00,2039.26,2039.77,2038.94,2038.96
2024-01-05 22:30:00,2038.96,2040.72,2038.96,2040.43
2024-01-05 23:00:00,2040.41,2041.24,2040.11,2040.48
2024-01-05 23:30:00,2040.41,2040.41,2028.93,2037.79
2024-01-06 00:00:00,2037.95,2044.97,2037.95,2044.97
2024-01-06 00:30:00,2045.1,2046.79,2044.44,2046.79
2024-01-06 01:00:00,2046.8,2061.46,2046.8,2061.29
2024-01-06 01:30:00,2061.18,2061.42,2056.56,2056.56
2024-01-06 02:00:00,2056.45,2056.45,2051.3,2051.3
2024-01-06 02:30:00,2051.25,2051.37,2046.58,2046.58
2024-01-06 03:00:00,2046.52,2046.52,2043.3,2043.58
2024-01-06 03:30:00,2043.55,2043.55,2041.9,2042.68
2024-01-06 04:00:00,2042.66,2042.74,2041.58,2042.74
2024-01-06 04:30:00,2042.79,2047.53,2042.79,2047.53
2024-01-06 05:00:00,2047.58,2049.69,2047.58,2048.07
2024-01-06 05:30:00,2048.04,2048.04,2045.72,2045.98
2024-01-06 06:00:00,2045.97,2045.97,2044.12,2044.51
2024-01-06 06:30:00,2044.49,2044.67,2043.53,2044.33
2024-01-06 07:00:00,2044.3,2044.77,2044.2,2044.76
2024-01-06 07:30:00,2044.75,2045.78,2044.56,2045.5
2024-01-06 08:00:00,2044.75,2045.78,2044.56,2045.5
2024-01-06 08:30:00,2044.75,2045.78,2044.56,2045.5
2024-01-06 09:00:00,2044.75,2045.78,2044.56,2045.5
2024-01-06 09:30:00,2044.75,2045.78,2044.56,2045.5
2024-01-06 10:00:00,2044.75,2045.78,2044.56,2045.5
2024-01-06 10:30:00,2044.75,2045.78,2044.56,2045.5
2024-01-06 11:00:00,2044.75,2045.78,2044.56,2045.5
2024-01-06 11:30:00,2044.75,2045.78,2044.56,2045.5
2024-01-06 12:00:00,2044.75,2045.78,2044.56,2045.5
2024-01-06 12:30:00,2044.75,2045.78,2044.56,2045.5
2024-01-06 13:00:00,2044.75,2045.78,2044.56,2045.5
2024-01-06 13:30:00,2044.75,2045.78,2044.56,2045.5
2024-01-06 14:00:00,2044.75,2045.78,2044.56,2045.5
2024-01-06 14:30:00,2044.75,2045.78,2044.56,2045.5
2024-01-06 15:00:00,2044.75,2045.78,2044.56,2045.5
2024-01-06 15:30:00,2044.75,2045.78,2044.56,2045.5
2024-01-06 16:00:00,2044.75,2045.78,2044.56,2045.5
2024-01-06 16:30:00,2044.75,2045.78,2044.56,2045.5
2024-01-06 17:00:00,2044.75,2045.78,2044.56,2045.5
2024-01-06 17:30:00,2044.75,2045.78,2044.56,2045.5
2024-01-06 18:00:00,2044.75,2045.78,2044.56,2045.5
2024-01-06 18:30:00,2044.75,2045.78,2044.56,2045.5
2024-01-06 19:00:00,2044.75,2045.78,2044.56,2045.5
2024-01-06 19:30:00,2044.75,2045.78,2044.56,2045.5
2024-01-06 20:00:00,2044.75,2045.78,2044.56,2045.5
2024-01-06 20:30:00,2044.75,2045.78,2044.56,2045.5
2024-01-06 21:00:00,2044.75,2045.78,2044.56,2045.5
2024-01-06 21:30:00,2044.75,2045.78,2044.56,2045.5
2024-01-06 22:00:00,2044.75,2045.78,2044.56,2045.5
2024-01-06 22:30:00,2044.75,2045.78,2044.56,2045.5
2024-01-06 23:00:00,2044.75,2045.78,2044.56,2045.5
2024-01-06 23:30:00,2044.75,2045.78,2044.56,2045.5
2024-01-07 00:00:00,2044.75,2045.78,2044.56,2045.5
2024-01-07 00:30:00,2044.75,2045.78,2044.56,2045.5
2024-01-07 01:00:00,2044.75,2045.78,2044.56,2045.5
2024-01-07 01:30:00,2044.75,2045.78,2044.56,2045.5
2024-01-07 02:00:00,2044.75,2045.78,2044.56,2045.5
2024-01-07 02:30:00,2044.75,2045.78,2044.56,2045.5
2024-01-07 03:00:00,2044.75,2045.78,2044.56,2045.5
2024-01-07 03:30:00,2044.75,2045.78,2044.56,2045.5
2024-01-07 04:00:00,2044.75,2045.78,2044.56,2045.5
2024-01-07 04:30:00,2044.75,2045.78,2044.56,2045.5
2024-01-07 05:00:00,2044.75,2045.78,2044.56,2045.5
2024-01-07 05:30:00,2044.75,2045.78,2044.56,2045.5
2024-01-07 06:00:00,2044.75,2045.78,2044.56,2045.5
2024-01-07 06:30:00,2044.75,2045.78,2044.56,2045.5
2024-01-07 07:00:00,2044.75,2045.78,2044.56,2045.5
2024-01-07 07:30:00,2044.75,2045.78,2044.56,2045.5
2024-01-07 08:00:00,2044.75,2045.78,2044.56,2045.5
2024-01-07 08:30:00,2044.75,2045.78,2044.56,2045.5
2024-01-07 09:00:00,2044.75,2045.78,2044.56,2045.5
2024-01-07 09:30:00,2044.75,2045.78,2044.56,2045.5
2024-01-07 10:00:00,2044.75,2045.78,2044.56,2045.5
2024-01-07 10:30:00,2044.75,2045.78,2044.56,2045.5
2024-01-07 11:00:00,2044.75,2045.78,2044.56,2045.5
2024-01-07 11:30:00,2044.75,2045.78,2044.56,2045.5
2024-01-07 12:00:00,2044.75,2045.78,2044.56,2045.5
2024-01-07 12:30:00,2044.75,2045.78,2044.56,2045.5
2024-01-07 13:00:00,2044.75,2045.78,2044.56,2045.5
2024-01-07 13:30:00,2044.75,2045.78,2044.56,2045.5
2024-01-07 14:00:00,2044.75,2045.78,2044.56,2045.5
2024-01-07 14:30:00,2044.75,2045.78,2044.56,2045.5
2024-01-07 15:00:00,2044.75,2045.78,2044.56,2045.5
2024-01-07 15:30:00,2044.75,2045.78,2044.56,2045.5
2024-01-07 16:00:00,2044.75,2045.78,2044.56,2045.5
2024-01-07 16:30:00,2044.75,2045.78,2044.56,2045.5
2024-01-07 17:00:00,2044.75,2045.78,2044.56,2045.5
2024-01-07 17:30:00,2044.75,2045.78,2044.56,2045.5
2024-01-07 18:00:00,2044.75,2045.78,2044.56,2045.5
2024-01-07 18:30:00,2044.75,2045.78,2044.56,2045.5
2024-01-07 19:00:00,2044.75,2045.78,2044.56,2045.5
2024-01-07 19:30:00,2044.75,2045.78,2044.56,2045.5
2024-01-07 20:00:00,2044.75,2045.78,2044.56,2045.5
2024-01-07 20:30:00,2044.75,2045.78,2044.56,2045.5
2024-01-07 21:00:00,2044.75,2045.78,2044.56,2045.5
2024-01-07 21:30:00,2044.75,2045.78,2044.56,2045.5
2024-01-07 22:00:00,2044.75,2045.78,2044.56,2045.5
2024-01-07 22:30:00,2044.75,2045.78,2044.56,2045.5
2024-01-07 23:00:00,2044.75,2045.78,2044.56,2045.5
2024-01-07 23:30:00,2044.75,2045.78,2044.56,2045.5
2024-01-08 00:00:00,2044.75,2045.78,2044.56,2045.5
2024-01-08 00:30:00,2044.75,2045.78,2044.56,2045.5
2024-01-08 01:00:00,2044.75,2045.78,2044.56,2045.5
2024-01-08 01:30:00,2044.75,2045.78,2044.56,2045.5
2024-01-08 02:00:00,2044.75,2045.78,2044.56,2045.5
2024-01-08 02:30:00,2044.75,2045.78,2044.56,2045.5
2024-01-08 03:00:00,2044.75,2045.78,2044.56,2045.5
2024-01-08 03:30:00,2044.75,2045.78,2044.56,2045.5
2024-01-08 04:00:00,2044.75,2045.78,2044.56,2045.5
2024-01-08 04:30:00,2044.75,2045.78,2044.56,2045.5
2024-01-08 05:00:00,2044.75,2045.78,2044.56,2045.5
2024-01-08 05:30:00,2044.75,2045.78,2044.56,2045.5
2024-01-08 06:00:00,2044.75,2045.78,2044.56,2045.5
2024-01-08 06:30:00,2044.75,2045.78,2044.56,2045.5
2024-01-08 07:00:00,2046.25,2046.27,2046.16,2046.27
2024-01-08 07:30:00,2046.25,2046.27,2046.16,2046.27
2024-01-08 08:00:00,2046.25,2046.27,2046.16,2046.27
2024-01-08 08:30:00,2046.25,2046.27,2046.16,2046.27
2024-01-08 09:00:00,2046.11,2046.11,2044.73,2044.73
2024-01-08 09:30:00,2044.71,2044.71,2043.78,2043.96
2024-01-08 10:00:00,2044.0,2045.68,2044.0,2045.61
2024-01-08 10:30:00,2045.64,2046.08,2045.64,2045.96
2024-01-08 11:00:00,2045.97,2046.11,2045.12,2045.79
2024-01-08 11:30:00,2045.79,2045.79,2043.54,2043.7
2024-01-08 12:00:00,2043.72,2043.76,2042.9,2042.93
2024-01-08 12:30:00,2042.9,2043.12,2041.8,2041.8
2024-01-08 13:00:00,2041.77,2041.77,2040.08,2040.08
2024-01-08 13:30:00,2040.09,2040.11,2035.92,2035.93
2024-01-08 14:00:00,2035.94,2036.82,2035.94,2036.82
2024-01-08 14:30:00,2036.84,2036.84,2035.98,2035.98
2024-01-08 15:00:00,2035.96,2035.96,2035.07,2035.28
2024-01-08 15:30:00,2035.25,2035.25,2029.58,2030.51
2024-01-08 16:00:00,2030.54,2032.36,2030.54,2031.89
2024-01-08 16:30:00,2031.89,2033.08,2031.8,2033.02
2024-01-08 17:00:00,2033.03,2033.04,2030.25,2030.25
2024-01-08 17:30:00,2030.26,2032.41,2029.72,2032.07
2024-01-08 18:00:00,2032.08,2032.08,2029.29,2029.37
2024-01-08 18:30:00,2029.37,2030.1,2028.16,2028.38
2024-01-08 19:00:00,2028.37,2029.17,2027.57,2027.79
2024-01-08 19:30:00,2027.81,2030.62,2027.81,2030.08
2024-01-08 20:00:00,2030.02,2030.02,2028.25,2028.25
2024-01-08 20:30:00,2028.21,2028.22,2027.47,2027.53
2024-01-08 21:00:00,2027.54,2027.59,2022.41,2022.43
2024-01-08 21:30:00,2022.44,2022.66,2020.32,2020.82
2024-01-08 22:00:00,2020.77,2020.77,2020.13,2020.36
2024-01-08 22:30:00,2020.35,2023.27,2019.8,2023.27
2024-01-08 23:00:00,2023.37,2024.53,2021.68,2022.15
2024-01-08 23:30:00,2022.14,2022.36,2019.35,2019.35
2024-01-09 00:00:00,2019.35,2021.16,2019.34,2019.82
2024-01-09 00:30:00,2019.85,2024.23,2019.77,2024.23
2024-01-09 01:00:00,2024.43,2029.83,2024.43,2029.83
2024-01-09 01:30:00,2029.87,2034.04,2029.87,2034.04
2024-01-09 02:00:00,2034.04,2036.37,2034.04,2034.28
2024-01-09 02:30:00,2034.26,2034.27,2032.38,2032.8
2024-01-09 03:00:00,2032.78,2032.78,2029.97,2029.97
2024-01-09 03:30:00,2029.95,2029.95,2027.55,2027.55
2024-01-09 04:00:00,2027.54,2027.67,2027.06,2027.53
2024-01-09 04:30:00,2027.48,2027.97,2027.09,2027.09
2024-01-09 05:00:00,2027.07,2028.43,2027.01,2028.43
2024-01-09 05:30:00,2028.44,2029.28,2028.31,2029.28
2024-01-09 06:00:00,2029.3,2029.49,2026.54,2026.97
2024-01-09 06:30:00,2027.0,2027.25,2026.56,2026.87
2024-01-09 07:00:00,2026.9,2028.7,2026.9,2028.69
2024-01-09 07:30:00,2028.69,2028.72,2028.01,2028.05
2024-01-09 08:00:00,2028.05,2028.05,2028.04,2028.05
2024-01-09 08:30:00,2028.05,2028.05,2028.05,2028.05
2024-01-09 09:00:00,2028.05,2028.87,2028.05,2028.87
2024-01-09 09:30:00,2028.89,2030.82,2028.84,2030.82
2024-01-09 10:00:00,2030.83,2033.9,2030.82,2033.76
2024-01-09 10:30:00,2033.78,2034.66,2033.78,2034.6
2024-01-09 11:00:00,2034.58,2035.13,2032.79,2032.79
2024-01-09 11:30:00,2032.77,2032.77,2031.97,2032.42
2024-01-09 12:00:00,2032.4,2035.48,2032.4,2035.42
2024-01-09 12:30:00,2035.39,2035.39,2033.95,2033.97
2024-01-09 13:00:00,2033.98,2034.68,2033.47,2034.29
2024-01-09 13:30:00,2034.31,2034.38,2033.43,2033.46
2024-01-09 14:00:00,2033.48,2034.21,2033.35,2033.35
2024-01-09 14:30:00,2033.32,2033.53,2032.71,2033.08
2024-01-09 15:00:00,2033.08,2033.08,2032.31,2032.31
2024-01-09 15:30:00,2032.27,2032.94,2031.47,2032.94
2024-01-09 16:00:00,2032.95,2032.96,2031.78,2032.56
2024-01-09 16:30:00,2032.59,2034.17,2032.32,2033.17
2024-01-09 17:00:00,2033.18,2036.08,2032.92,2036.08
2024-01-09 17:30:00,2036.1,2036.25,2035.44,2036.22
2024-01-09 18:00:00,2036.21,2036.49,2032.11,2032.11
2024-01-09 18:30:00,2032.08,2034.37,2032.05,2034.34
2024-01-09 19:00:00,2034.33,2034.95,2033.9,2034.88
2024-01-09 19:30:00,2034.91,2036.57,2034.91,2035.89
2024-01-09 20:00:00,2035.86,2037.41,2035.31,2037.32
2024-01-09 20:30:00,2037.31,2038.04,2035.61,2035.61
2024-01-09 21:00:00,2035.58,2035.58,2034.39,2035.23
2024-01-09 21:30:00,2035.21,2035.25,2034.13,2034.8
2024-01-09 22:00:00,2035.06,2036.08,2034.67,2035.64
2024-01-09 22:30:00,2035.6,2036.04,2035.06,2036.04
2024-01-09 23:00:00,2036.06,2036.07,2033.14,2033.14
2024-01-09 23:30:00,2033.11,2038.67,2033.11,2038.62
2024-01-10 00:00:00,2038.61,2039.29,2038.1,2038.1
2024-01-10 00:30:00,2038.01,2038.01,2034.73,2034.82
2024-01-10 01:00:00,2034.84,2034.86,2033.71,2034.5
2024-01-10 01:30:00,2034.48,2034.54,2031.22,2031.22
2024-01-10 02:00:00,2031.07,2031.07,2026.95,2029.15
2024-01-10 02:30:00,2029.16,2031.16,2029.16,2031.16
2024-01-10 03:00:00,2031.18,2031.37,2029.26,2029.7
2024-01-10 03:30:00,2029.67,2029.67,2027.81,2028.39
2024-01-10 04:00:00,2028.4,2028.4,2027.36,2027.36
2024-01-10 04:30:00,2027.37,2028.83,2027.28,2028.83
2024-01-10 05:00:00,2028.86,2029.75,2028.86,2029.33
2024-01-10 05:30:00,2029.31,2029.32,2028.07,2028.67
2024-01-10 06:00:00,2028.7,2030.22,2028.7,2029.61
2024-01-10 06:30:00,2029.58,2029.58,2028.89,2029.01
2024-01-10 07:00:00,2028.97,2029.43,2028.9,2029.42
2024-01-10 07:30:00,2029.43,2030.2,2029.43,2030.2
2024-01-10 08:00:00,2030.21,2030.21,2030.19,2030.19
2024-01-10 08:30:00,2030.19,2030.19,2030.19,2030.19
2024-01-10 09:00:00,2030.19,2031.05,2030.19,2030.19
2024-01-10 09:30:00,2030.14,2031.0,2029.12,2031.0
2024-01-10 10:00:00,2030.99,2031.04,2030.56,2030.84
2024-01-10 10:30:00,2030.85,2031.01,2030.26,2030.64
2024-01-10 11:00:00,2030.62,2030.62,2027.97,2028.57
2024-01-10 11:30:00,2028.56,2031.91,2028.56,2031.86
2024-01-10 12:00:00,2031.87,2032.41,2031.31,2032.18
2024-01-10 12:30:00,2032.19,2032.19,2031.0,2031.73
2024-01-10 13:00:00,2031.76,2031.79,2030.76,2031.77
2024-01-10 13:30:00,2031.78,2031.78,2028.84,2028.84
2024-01-10 14:00:00,2028.82,2029.66,2028.7,2029.35
2024-01-10 14:30:00,2029.37,2030.02,2029.37,2029.96
2024-01-10 15:00:00,2029.96,2030.08,2028.57,2029.03
2024-01-10 15:30:00,2029.06,2029.45,2026.37,2026.68
2024-01-10 16:00:00,2026.69,2026.78,2024.94,2025.91
2024-01-10 16:30:00,2025.92,2026.08,2024.44,2024.48
2024-01-10 17:00:00,2024.49,2028.06,2024.49,2028.06
2024-01-10 17:30:00,2028.09,2031.4,2028.09,2031.19
2024-01-10 18:00:00,2031.17,2034.56,2031.09,2034.53
2024-01-10 18:30:00,2034.54,2034.7,2032.86,2034.7
2024-01-10 19:00:00,2034.74,2035.78,2034.74,2035.41
2024-01-10 19:30:00,2035.42,2035.74,2035.01,2035.7
2024-01-10 20:00:00,2035.7,2037.57,2035.69,2036.81
2024-01-10 20:30:00,2036.82,2036.82,2035.33,2035.33
2024-01-10 21:00:00,2035.3,2035.3,2033.58,2033.58
2024-01-10 21:30:00,2033.54,2034.29,2033.19,2034.08
2024-01-10 22:00:00,2033.94,2035.15,2033.94,2035.15
2024-01-10 22:30:00,2035.18,2035.25,2031.83,2031.83
2024-01-10 23:00:00,2031.81,2032.92,2030.93,2032.52
2024-01-10 23:30:00,2032.5,2032.5,2030.55,2030.55
2024-01-11 00:00:00,2030.53,2030.94,2029.36,2030.27
2024-01-11 00:30:00,2030.28,2031.71,2027.71,2027.71
2024-01-11 01:00:00,2027.7,2027.7,2025.84,2025.99
2024-01-11 01:30:00,2026.04,2028.97,2026.04,2027.77
2024-01-11 02:00:00,2027.79,2027.83,2025.9,2026.35
2024-01-11 02:30:00,2026.33,2027.16,2025.27,2027.15
2024-01-11 03:00:00,2027.16,2027.49,2026.24,2026.24
2024-01-11 03:30:00,2026.19,2026.19,2023.88,2023.91
2024-01-11 04:00:00,2023.92,2024.01,2022.2,2022.27
2024-01-11 04:30:00,2022.32,2023.25,2022.05,2023.25
2024-01-11 05:00:00,2023.29,2023.39,2021.03,2022.16
2024-01-11 05:30:00,2022.2,2024.24,2022.2,2024.2
2024-01-11 06:00:00,2024.19,2024.76,2023.02,2023.05
2024-01-11 06:30:00,2023.04,2023.55,2022.27,2022.75
2024-01-11 07:00:00,2022.77,2024.22,2022.77,2023.86
2024-01-11 07:30:00,2023.85,2024.35,2023.6,2024.35
2024-01-11 08:00:00,2024.35,2024.36,2024.35,2024.36
2024-01-11 08:30:00,2024.36,2024.36,2024.36,2024.36
2024-01-11 09:00:00,2024.36,2025.91,2024.36,2025.63
2024-01-11 09:30:00,2025.64,2027.06,2025.64,2026.86
2024-01-11 10:00:00,2026.85,2027.47,2026.81,2027.2
2024-01-11 10:30:00,2027.22,2028.15,2027.22,2028.15
2024-01-11 11:00:00,2028.18,2028.53,2027.82,2028.04
2024-01-11 11:30:00,2028.06,2029.81,2027.92,2029.8
2024-01-11 12:00:00,2029.8,2031.43,2029.49,2031.41
2024-01-11 12:30:00,2031.4,2031.42,2029.71,2029.71
2024-01-11 13:00:00,2029.69,2029.83,2029.02,2029.3
2024-01-11 13:30:00,2029.34,2030.9,2029.34,2030.83
2024-01-11 14:00:00,2030.84,2031.9,2030.84,2031.76
2024-01-11 14:30:00,2031.76,2032.12,2031.66,2032.12
2024-01-11 15:00:00,2032.13,2032.2,2031.69,2031.9
2024-01-11 15:30:00,2031.9,2034.17,2031.9,2033.71
2024-01-11 16:00:00,2033.67,2034.11,2032.65,2034.11
2024-01-11 16:30:00,2034.12,2034.77,2033.93,2033.95
2024-01-11 17:00:00,2033.93,2034.97,2033.88,2034.97
2024-01-11 17:30:00,2034.98,2035.06,2034.35,2034.49
2024-01-11 18:00:00,2034.46,2034.46,2032.15,2033.09
2024-01-11 18:30:00,2033.12,2033.29,2031.19,2031.19
2024-01-11 19:00:00,2031.16,2032.03,2030.84,2031.18
2024-01-11 19:30:00,2031.15,2032.17,2030.69,2031.79
2024-01-11 20:00:00,2031.77,2032.03,2031.06,2032.01
2024-01-11 20:30:00,2032.0,2032.46,2031.65,2031.7
2024-01-11 21:00:00,2031.73,2033.61,2031.73,2033.61
2024-01-11 21:30:00,2033.64,2034.17,2033.35,2034.17
2024-01-11 22:00:00,2034.31,2034.69,2033.11,2033.44
2024-01-11 22:30:00,2033.46,2033.92,2032.71,2032.71
2024-01-11 23:00:00,2032.69,2036.69,2032.63,2036.69
2024-01-11 23:30:00,2036.75,2036.75,2029.06,2029.14
2024-01-12 00:00:00,2029.15,2029.96,2026.78,2029.55
2024-01-12 00:30:00,2029.54,2031.92,2028.76,2029.97
2024-01-12 01:00:00,2029.97,2029.97,2026.95,2029.83
2024-01-12 01:30:00,2029.91,2031.21,2029.3,2029.3
2024-01-12 02:00:00,2029.29,2029.29,2020.9,2020.9
2024-01-12 02:30:00,2020.72,2020.72,2015.37,2017.19
2024-01-12 03:00:00,2017.2,2017.74,2016.18,2016.54
2024-01-12 03:30:00,2016.57,2016.6,2014.29,2014.29
2024-01-12 04:00:00,2014.3,2016.28,2014.28,2016.04
2024-01-12 04:30:00,2015.99,2016.07,2014.71,2016.07
2024-01-12 05:00:00,2016.12,2021.12,2016.12,2021.12
2024-01-12 05:30:00,2021.4,2026.21,2021.4,2026.21
2024-01-12 06:00:00,2026.26,2026.59,2024.48,2025.57
2024-01-12 06:30:00,2025.56,2027.95,2025.5,2027.95
2024-01-12 07:00:00,2027.97,2029.27,2027.88,2028.58
2024-01-12 07:30:00,2028.58,2028.75,2028.19,2028.73
2024-01-12 08:00:00,2028.72,2028.72,2028.69,2028.69
2024-01-12 08:30:00,2028.69,2028.69,2028.69,2028.69
2024-01-12 09:00:00,2028.69,2034.0,2028.69,2033.6
2024-01-12 09:30:00,2033.57,2035.01,2033.43,2035.01
2024-01-12 10:00:00,2035.02,2035.11,2031.52,2031.59
2024-01-12 10:30:00,2031.6,2031.79,2030.69,2031.26
2024-01-12 11:00:00,2031.26,2032.41,2030.81,2032.41
2024-01-12 11:30:00,2032.45,2033.87,2032.37,2033.87
2024-01-12 12:00:00,2033.88,2034.89,2033.82,2034.71
2024-01-12 12:30:00,2034.74,2034.77,2034.07,2034.16
2024-01-12 13:00:00,2034.15,2035.31,2034.11,2035.23
2024-01-12 13:30:00,2035.2,2035.2,2034.02,2034.02
2024-01-12 14:00:00,2034.01,2034.01,2033.24,2033.6
2024-01-12 14:30:00,2033.59,2034.9,2033.38,2034.85
2024-01-12 15:00:00,2034.85,2034.92,2034.27,2034.36
2024-01-12 15:30:00,2034.36,2035.83,2034.2,2035.83
2024-01-12 16:00:00,2035.85,2036.43,2035.85,2036.1
2024-01-12 16:30:00,2036.09,2036.09,2035.19,2035.71
2024-01-12 17:00:00,2035.68,2036.41,2034.92,2036.41
2024-01-12 17:30:00,2036.53,2037.91,2036.53,2037.7
2024-01-12 18:00:00,2037.68,2039.3,2037.68,2038.84
2024-01-12 18:30:00,2038.82,2039.05,2037.56,2038.44
2024-01-12 19:00:00,2038.46,2039.73,2038.46,2039.73
2024-01-12 19:30:00,2039.75,2039.82,2038.19,2038.19
2024-01-12 20:00:00,2038.18,2039.96,2038.18,2039.96
2024-01-12 20:30:00,2039.97,2044.61,2039.89,2044.61
2024-01-12 21:00:00,2044.71,2046.23,2044.71,2045.43
2024-01-12 21:30:00,2045.45,2046.25,2044.77,2045.21
2024-01-12 22:00:00,2045.59,2050.67,2045.59,2048.85
2024-01-12 22:30:00,2048.85,2049.77,2048.4,2048.4
2024-01-12 23:00:00,2048.37,2048.37,2046.08,2048.07
2024-01-12 23:30:00,2048.11,2055.6,2048.11,2055.6
2024-01-13 00:00:00,2055.65,2057.51,2055.08,2057.04
2024-01-13 00:30:00,2057.11,2060.72,2057.11,2057.66
2024-01-13 01:00:00,2057.52,2058.85,2056.71,2057.75
2024-01-13 01:30:00,2057.78,2057.97,2052.76,2053.01
2024-01-13 02:00:00,2053.04,2054.59,2052.76,2054.59
2024-01-13 02:30:00,2054.64,2054.71,2050.07,2050.07
2024-01-13 03:00:00,2049.98,2049.98,2043.67,2043.67
2024-01-13 03:30:00,2043.68,2044.1,2042.31,2044.09
2024-01-13 04:00:00,2044.1,2047.9,2043.7,2047.7
2024-01-13 04:30:00,2047.66,2047.66,2046.22,2047.26
2024-01-13 05:00:00,2047.28,2048.99,2047.28,2048.58
2024-01-13 05:30:00,2048.56,2048.59,2046.7,2047.14
2024-01-13 06:00:00,2047.16,2047.3,2047.02,2047.05
2024-01-13 06:30:00,2047.04,2047.04,2046.5,2046.8
2024-01-13 07:00:00,2046.81,2048.22,2046.81,2048.18
2024-01-13 07:30:00,2048.16,2049.13,2048.14,2049.1
2024-01-13 08:00:00,2048.16,2049.13,2048.14,2049.1
2024-01-13 08:30:00,2048.16,2049.13,2048.14,2049.1
2024-01-13 09:00:00,2048.16,2049.13,2048.14,2049.1
2024-01-13 09:30:00,2048.16,2049.13,2048.14,2049.1
2024-01-13 10:00:00,2048.16,2049.13,2048.14,2049.1
2024-01-13 10:30:00,2048.16,2049.13,2048.14,2049.1
2024-01-13 11:00:00,2048.16,2049.13,2048.14,2049.1
2024-01-13 11:30:00,2048.16,2049.13,2048.14,2049.1
2024-01-13 12:00:00,2048.16,2049.13,2048.14,2049.1
2024-01-13 12:30:00,2048.16,2049.13,2048.14,2049.1
2024-01-13 13:00:00,2048.16,2049.13,2048.14,2049.1
2024-01-13 13:30:00,2048.16,2049.13,2048.14,2049.1
2024-01-13 14:00:00,2048.16,2049.13,2048.14,2049.1
2024-01-13 14:30:00,2048.16,2049.13,2048.14,2049.1
2024-01-13 15:00:00,2048.16,2049.13,2048.14,2049.1
2024-01-13 15:30:00,2048.16,2049.13,2048.14,2049.1
2024-01-13 16:00:00,2048.16,2049.13,2048.14,2049.1
2024-01-13 16:30:00,2048.16,2049.13,2048.14,2049.1
2024-01-13 17:00:00,2048.16,2049.13,2048.14,2049.1
2024-01-13 17:30:00,2048.16,2049.13,2048.14,2049.1
2024-01-13 18:00:00,2048.16,2049.13,2048.14,2049.1
2024-01-13 18:30:00,2048.16,2049.13,2048.14,2049.1
2024-01-13 19:00:00,2048.16,2049.13,2048.14,2049.1
2024-01-13 19:30:00,2048.16,2049.13,2048.14,2049.1
2024-01-13 20:00:00,2048.16,2049.13,2048.14,2049.1
2024-01-13 20:30:00,2048.16,2049.13,2048.14,2049.1
2024-01-13 21:00:00,2048.16,2049.13,2048.14,2049.1
2024-01-13 21:30:00,2048.16,2049.13,2048.14,2049.1
2024-01-13 22:00:00,2048.16,2049.13,2048.14,2049.1
2024-01-13 22:30:00,2048.16,2049.13,2048.14,2049.1
2024-01-13 23:00:00,2048.16,2049.13,2048.14,2049.1
2024-01-13 23:30:00,2048.16,2049.13,2048.14,2049.1
2024-01-14 00:00:00,2048.16,2049.13,2048.14,2049.1
2024-01-14 00:30:00,2048.16,2049.13,2048.14,2049.1
2024-01-14 01:00:00,2048.16,2049.13,2048.14,2049.1
2024-01-14 01:30:00,2048.16,2049.13,2048.14,2049.1
2024-01-14 02:00:00,2048.16,2049.13,2048.14,2049.1
2024-01-14 02:30:00,2048.16,2049.13,2048.14,2049.1
2024-01-14 03:00:00,2048.16,2049.13,2048.14,2049.1
2024-01-14 03:30:00,2048.16,2049.13,2048.14,2049.1
2024-01-14 04:00:00,2048.16,2049.13,2048.14,2049.1
2024-01-14 04:30:00,2048.16,2049.13,2048.14,2049.1
2024-01-14 05:00:00,2048.16,2049.13,2048.14,2049.1
2024-01-14 05:30:00,2048.16,2049.13,2048.14,2049.1
2024-01-14 06:00:00,2048.16,2049.13,2048.14,2049.1
2024-01-14 06:30:00,2048.16,2049.13,2048.14,2049.1
2024-01-14 07:00:00,2048.16,2049.13,2048.14,2049.1
2024-01-14 07:30:00,2048.16,2049.13,2048.14,2049.1
2024-01-14 08:00:00,2048.16,2049.13,2048.14,2049.1
2024-01-14 08:30:00,2048.16,2049.13,2048.14,2049.1
2024-01-14 09:00:00,2048.16,2049.13,2048.14,2049.1
2024-01-14 09:30:00,2048.16,2049.13,2048.14,2049.1
2024-01-14 10:00:00,2048.16,2049.13,2048.14,2049.1
2024-01-14 10:30:00,2048.16,2049.13,2048.14,2049.1
2024-01-14 11:00:00,2048.16,2049.13,2048.14,2049.1
2024-01-14 11:30:00,2048.16,2049.13,2048.14,2049.1
2024-01-14 12:00:00,2048.16,2049.13,2048.14,2049.1
2024-01-14 12:30:00,2048.16,2049.13,2048.14,2049.1
2024-01-14 13:00:00,2048.16,2049.13,2048.14,2049.1
2024-01-14 13:30:00,2048.16,2049.13,2048.14,2049.1
2024-01-14 14:00:00,2048.16,2049.13,2048.14,2049.1
2024-01-14 14:30:00,2048.16,2049.13,2048.14,2049.1
2024-01-14 15:00:00,2048.16,2049.13,2048.14,2049.1
2024-01-14 15:30:00,2048.16,2049.13,2048.14,2049.1
2024-01-14 16:00:00,2048.16,2049.13,2048.14,2049.1
2024-01-14 16:30:00,2048.16,2049.13,2048.14,2049.1
2024-01-14 17:00:00,2048.16,2049.13,2048.14,2049.1
2024-01-14 17:30:00,2048.16,2049.13,2048.14,2049.1
2024-01-14 18:00:00,2048.16,2049.13,2048.14,2049.1
2024-01-14 18:30:00,2048.16,2049.13,2048.14,2049.1
2024-01-14 19:00:00,2048.16,2049.13,2048.14,2049.1
2024-01-14 19:30:00,2048.16,2049.13,2048.14,2049.1
2024-01-14 20:00:00,2048.16,2049.13,2048.14,2049.1
2024-01-14 20:30:00,2048.16,2049.13,2048.14,2049.1
2024-01-14 21:00:00,2048.16,2049.13,2048.14,2049.1
2024-01-14 21:30:00,2048.16,2049.13,2048.14,2049.1
2024-01-14 22:00:00,2048.16,2049.13,2048.14,2049.1
2024-01-14 22:30:00,2048.16,2049.13,2048.14,2049.1
2024-01-14 23:00:00,2048.16,2049.13,2048.14,2049.1
2024-01-14 23:30:00,2048.16,2049.13,2048.14,2049.1
2024-01-15 00:00:00,2048.16,2049.13,2048.14,2049.1
2024-01-15 00:30:00,2048.16,2049.13,2048.14,2049.1
2024-01-15 01:00:00,2048.16,2049.13,2048.14,2049.1
2024-01-15 01:30:00,2048.16,2049.13,2048.14,2049.1
2024-01-15 02:00:00,2048.16,2049.13,2048.14,2049.1
2024-01-15 02:30:00,2048.16,2049.13,2048.14,2049.1
2024-01-15 03:00:00,2048.16,2049.13,2048.14,2049.1
2024-01-15 03:30:00,2048.16,2049.13,2048.14,2049.1
2024-01-15 04:00:00,2048.16,2049.13,2048.14,2049.1
2024-01-15 04:30:00,2048.16,2049.13,2048.14,2049.1
2024-01-15 05:00:00,2048.16,2049.13,2048.14,2049.1
2024-01-15 05:30:00,2048.16,2049.13,2048.14,2049.1
2024-01-15 06:00:00,2048.16,2049.13,2048.14,2049.1
2024-01-15 06:30:00,2048.16,2049.13,2048.14,2049.1
2024-01-15 07:00:00,2049.4,2049.5,2049.37,2049.5
2024-01-15 07:30:00,2049.4,2049.5,2049.37,2049.5
2024-01-15 08:00:00,2049.48,2049.48,2049.42,2049.42
2024-01-15 08:30:00,2049.48,2049.48,2049.42,2049.42
2024-01-15 09:00:00,2049.28,2049.28,2047.38,2047.38
2024-01-15 09:30:00,2047.36,2048.07,2046.93,2047.61
2024-01-15 10:00:00,2047.61,2047.91,2046.47,2047.91
2024-01-15 10:30:00,2047.92,2048.21,2047.72,2047.87
2024-01-15 11:00:00,2047.88,2048.97,2047.88,2048.97
2024-01-15 11:30:00,2048.98,2051.11,2048.98,2051.09
2024-01-15 12:00:00,2051.09,2054.31,2050.32,2054.31
2024-01-15 12:30:00,2054.34,2055.7,2054.34,2055.7
2024-01-15 13:00:00,2055.75,2056.61,2055.75,2056.6
2024-01-15 13:30:00,2056.6,2057.54,2056.48,2057.45
2024-01-15 14:00:00,2057.46,2057.51,2054.79,2054.79
2024-01-15 14:30:00,2054.72,2054.72,2054.03,2054.39
2024-01-15 15:00:00,2054.39,2054.52,2053.93,2054.08
2024-01-15 15:30:00,2054.09,2055.17,2054.09,2055.04
2024-01-15 16:00:00,2055.03,2055.77,2054.36,2055.77
2024-01-15 16:30:00,2055.78,2056.69,2055.56,2055.56
2024-01-15 17:00:00,2055.53,2055.53,2054.48,2054.69
2024-01-15 17:30:00,2054.7,2054.7,2053.83,2054.16
2024-01-15 18:00:00,2054.17,2056.35,2054.17,2056.06
2024-01-15 18:30:00,2056.08,2058.23,2055.83,2057.1
2024-01-15 19:00:00,2057.06,2057.06,2055.92,2056.3
2024-01-15 19:30:00,2056.29,2056.32,2053.88,2054.44
2024-01-15 20:00:00,2054.5,2054.65,2053.13,2053.13
2024-01-15 20:30:00,2053.06,2053.44,2052.82,2053.06
2024-01-15 21:00:00,2053.06,2053.45,2052.25,2052.71
2024-01-15 21:30:00,2052.72,2053.67,2052.58,2053.66
2024-01-15 22:00:00,2053.65,2053.65,2052.47,2052.47
2024-01-15 22:30:00,2052.46,2052.86,2051.81,2052.86
2024-01-15 23:00:00,2052.87,2053.91,2052.8,2053.1
2024-01-15 23:30:00,2053.07,2053.95,2052.84,2053.95
2024-01-16 00:00:00,2053.97,2054.09,2052.91,2052.91
2024-01-16 00:30:00,2052.85,2052.85,2052.14,2052.34
2024-01-16 01:00:00,2052.34,2052.34,2050.19,2051.16
2024-01-16 01:30:00,2051.2,2053.58,2051.2,2053.55
2024-01-16 02:00:00,2053.53,2054.08,2053.47,2054.06
2024-01-16 02:30:00,2054.05,2054.76,2053.8,2054.23
2024-01-16 03:00:00,2054.21,2055.3,2053.93,2055.3
2024-01-16 03:30:00,2055.32,2055.93,2055.16,2055.23
2024-01-16 04:00:00,2055.26,2055.29,2054.67,2054.68
2024-01-16 04:30:00,2054.68,2055.01,2054.56,2054.85
2024-01-16 05:00:00,2054.82,2054.83,2053.84,2054.33
2024-01-16 05:30:00,2054.37,2054.76,2054.37,2054.76
2024-01-16 06:00:00,2054.76,2054.76,2054.76,2054.76
2024-01-16 06:30:00,2054.76,2054.76,2054.76,2054.76
2024-01-16 07:00:00,2054.76,2054.76,2054.76,2054.76
2024-01-16 07:30:00,2054.76,2054.76,2054.76,2054.76
2024-01-16 08:00:00,2054.76,2054.76,2054.76,2054.76
2024-01-16 08:30:00,2054.76,2054.76,2054.76,2054.76
2024-01-16 09:00:00,2054.76,2055.25,2054.38,2054.38
2024-01-16 09:30:00,2054.39,2055.01,2053.81,2054.39
2024-01-16 10:00:00,2054.39,2054.41,2053.22,2053.22
2024-01-16 10:30:00,2053.17,2053.17,2051.35,2051.37
2024-01-16 11:00:00,2051.36,2051.95,2050.33,2051.95
2024-01-16 11:30:00,2051.96,2052.73,2051.57,2051.57
2024-01-16 12:00:00,2051.54,2051.54,2050.67,2050.83
2024-01-16 12:30:00,2050.83,2050.83,2050.34,2050.46
2024-01-16 13:00:00,2050.48,2051.44,2050.48,2050.81
2024-01-16 13:30:00,2050.8,2050.8,2048.92,2049.6
2024-01-16 14:00:00,2049.58,2049.65,2049.2,2049.41
2024-01-16 14:30:00,2049.41,2049.65,2049.27,2049.34
2024-01-16 15:00:00,2049.34,2049.38,2048.53,2048.81
2024-01-16 15:30:00,2048.84,2048.89,2047.9,2048.86
2024-01-16 16:00:00,2048.83,2049.26,2047.93,2049.26
2024-01-16 16:30:00,2049.27,2050.29,2049.12,2050.29
2024-01-16 17:00:00,2050.32,2050.63,2048.99,2049.15
2024-01-16 17:30:00,2049.22,2049.81,2049.01,2049.62
2024-01-16 18:00:00,2049.61,2049.61,2048.18,2048.36
2024-01-16 18:30:00,2048.31,2048.31,2043.13,2043.13
2024-01-16 19:00:00,2043.12,2043.37,2039.93,2040.03
2024-01-16 19:30:00,2040.03,2041.08,2039.4,2041.08
2024-01-16 20:00:00,2041.11,2041.86,2040.63,2040.63
2024-01-16 20:30:00,2040.62,2040.78,2040.09,2040.78
2024-01-16 21:00:00,2040.8,2040.82,2039.74,2039.74
2024-01-16 21:30:00,2039.72,2040.04,2039.07,2039.84
2024-01-16 22:00:00,2039.46,2039.61,2037.17,2037.8
2024-01-16 22:30:00,2037.89,2039.07,2037.45,2038.02
2024-01-16 23:00:00,2038.06,2038.38,2032.23,2032.23
2024-01-16 23:30:00,2032.21,2041.5,2032.21,2038.37
2024-01-17 00:00:00,2038.32,2041.68,2038.14,2041.63
2024-01-17 00:30:00,2041.6,2041.6,2037.69,2037.93
2024-01-17 01:00:00,2037.95,2039.63,2037.95,2039.45
2024-01-17 01:30:00,2039.44,2041.36,2039.08,2041.13
2024-01-17 02:00:00,2041.14,2041.14,2035.14,2038.21
2024-01-17 02:30:00,2038.12,2038.12,2033.85,2034.31
2024-01-17 03:00:00,2034.25,2034.25,2027.37,2027.37
2024-01-17 03:30:00,2027.31,2027.85,2026.39,2026.47
2024-01-17 04:00:00,2026.38,2026.47,2025.52,2026.47
2024-01-17 04:30:00,2026.5,2028.26,2025.1,2025.11
2024-01-17 05:00:00,2025.12,2028.04,2025.12,2027.92
2024-01-17 05:30:00,2027.91,2029.67,2027.2,2029.67
2024-01-17 06:00:00,2029.65,2029.72,2028.68,2028.68
2024-01-17 06:30:00,2028.66,2028.93,2028.36,2028.58
2024-01-17 07:00:00,2028.55,2028.55,2027.38,2027.86
2024-01-17 07:30:00,2027.88,2028.44,2027.88,2028.42
2024-01-17 08:00:00,2028.4,2028.47,2028.4,2028.46
2024-01-17 08:30:00,2028.46,2028.46,2028.46,2028.46
2024-01-17 09:00:00,2028.46,2028.46,2026.69,2026.75
2024-01-17 09:30:00,2026.73,2027.93,2026.49,2027.93
2024-01-17 10:00:00,2027.96,2028.03,2025.98,2026.99
2024-01-17 10:30:00,2027.01,2028.59,2027.01,2028.32
2024-01-17 11:00:00,2028.34,2028.83,2027.38,2028.68
2024-01-17 11:30:00,2028.66,2030.44,2028.66,2030.4
2024-01-17 12:00:00,2030.38,2032.14,2029.96,2029.96
2024-01-17 12:30:00,2029.94,2029.96,2027.9,2029.14
2024-01-17 13:00:00,2029.11,2029.11,2026.96,2026.99
2024-01-17 13:30:00,2026.98,2027.16,2024.08,2024.08
2024-01-17 14:00:00,2024.07,2024.55,2024.0,2024.39
2024-01-17 14:30:00,2024.37,2025.63,2024.01,2025.42
2024-01-17 15:00:00,2025.42,2025.44,2019.95,2020.11
2024-01-17 15:30:00,2020.15,2021.26,2020.15,2021.1
2024-01-17 16:00:00,2021.08,2021.09,2018.18,2018.21
2024-01-17 16:30:00,2018.18,2019.38,2018.07,2019.38
2024-01-17 17:00:00,2019.38,2020.0,2018.44,2020.0
2024-01-17 17:30:00,2020.02,2024.9,2019.92,2024.9
2024-01-17 18:00:00,2024.95,2025.54,2024.52,2024.68
2024-01-17 18:30:00,2024.63,2024.63,2021.83,2021.91
2024-01-17 19:00:00,2021.89,2021.89,2019.96,2020.13
2024-01-17 19:30:00,2020.16,2022.44,2020.16,2022.44
2024-01-17 20:00:00,2022.58,2025.46,2022.58,2025.46
2024-01-17 20:30:00,2025.5,2027.6,2025.5,2026.11
2024-01-17 21:00:00,2026.1,2026.38,2024.65,2025.53
2024-01-17 21:30:00,2025.53,2026.18,2024.33,2024.33
2024-01-17 22:00:00,2023.97,2027.34,2023.97,2027.33
2024-01-17 22:30:00,2027.35,2028.05,2027.33,2028.05
2024-01-17 23:00:00,2028.08,2028.09,2024.45,2024.46
2024-01-17 23:30:00,2024.47,2024.47,2022.26,2022.26
2024-01-18 00:00:00,2022.21,2022.31,2019.11,2020.45
2024-01-18 00:30:00,2020.54,2020.71,2015.82,2015.82
2024-01-18 01:00:00,2015.55,2015.55,2010.36,2010.36
2024-01-18 01:30:00,2010.26,2010.51,2007.73,2008.94
2024-01-18 02:00:00,2008.93,2010.75,2008.9,2009.74
2024-01-18 02:30:00,2009.71,2009.71,2005.86,2005.86
2024-01-18 03:00:00,2005.85,2005.98,2004.94,2004.94
2024-01-18 03:30:00,2004.93,2007.43,2004.15,2007.28
2024-01-18 04:00:00,2007.25,2007.26,2002.89,2003.38
2024-01-18 04:30:00,2003.39,2004.38,2002.71,2004.38
2024-01-18 05:00:00,2004.42,2006.47,2004.42,2006.14
2024-01-18 05:30:00,2006.08,2006.08,2004.82,2005.87
2024-01-18 06:00:00,2005.88,2005.9,2005.14,2005.14
2024-01-18 06:30:00,2005.14,2006.69,2005.14,2006.04
2024-01-18 07:00:00,2006.03,2006.17,2005.53,2006.02
2024-01-18 07:30:00,2006.03,2006.35,2005.91,2006.33
2024-01-18 08:00:00,2006.34,2006.35,2006.34,2006.35
2024-01-18 08:30:00,2006.35,2006.35,2006.35,2006.35
2024-01-18 09:00:00,2006.35,2008.7,2006.34,2008.7
2024-01-18 09:30:00,2008.74,2009.53,2008.52,2009.53
2024-01-18 10:00:00,2009.56,2009.58,2008.76,2008.79
2024-01-18 10:30:00,2008.8,2010.52,2008.61,2010.52
2024-01-18 11:00:00,2010.55,2010.85,2009.94,2009.94
2024-01-18 11:30:00,2009.93,2011.59,2009.9,2011.59
2024-01-18 12:00:00,2011.6,2011.76,2009.97,2009.97
2024-01-18 12:30:00,2009.96,2009.96,2007.9,2007.9
2024-01-18 13:00:00,2007.88,2008.17,2006.74,2007.7
2024-01-18 13:30:00,2007.66,2008.68,2007.47,2008.14
2024-01-18 14:00:00,2008.13,2008.67,2008.13,2008.63
2024-01-18 14:30:00,2008.64,2008.88,2008.14,2008.5
2024-01-18 15:00:00,2008.48,2008.48,2006.4,2006.98
2024-01-18 15:30:00,2006.98,2009.14,2006.82,2009.14
2024-01-18 16:00:00,2009.16,2012.33,2009.16,2012.31
2024-01-18 16:30:00,2012.29,2012.71,2011.78,2012.71
2024-01-18 17:00:00,2012.72,2013.45,2011.51,2011.51
2024-01-18 17:30:00,2011.51,2013.46,2011.48,2012.87
2024-01-18 18:00:00,2012.84,2012.84,2010.63,2011.72
2024-01-18 18:30:00,2011.74,2011.75,2010.04,2010.11
2024-01-18 19:00:00,2010.1,2011.35,2008.94,2011.35
2024-01-18 19:30:00,2011.39,2012.29,2010.79,2010.79
2024-01-18 20:00:00,2010.74,2011.76,2009.86,2011.7
2024-01-18 20:30:00,2011.73,2011.83,2010.79,2011.27
2024-01-18 21:00:00,2011.3,2012.47,2011.26,2012.47
2024-01-18 21:30:00,2012.48,2013.16,2012.12,2012.34
2024-01-18 22:00:00,2012.67,2016.32,2012.67,2016.32
2024-01-18 22:30:00,2016.35,2016.58,2015.17,2015.66
2024-01-18 23:00:00,2015.61,2015.61,2012.02,2012.02
2024-01-18 23:30:00,2011.99,2011.99,2009.68,2009.84
2024-01-19 00:00:00,2009.77,2011.61,2009.73,2011.58
2024-01-19 00:30:00,2011.59,2013.1,2011.57,2013.1
2024-01-19 01:00:00,2013.09,2013.65,2012.81,2013.65
2024-01-19 01:30:00,2013.69,2014.87,2013.69,2013.87
2024-01-19 02:00:00,2013.84,2015.83,2013.64,2015.83
2024-01-19 02:30:00,2015.86,2016.25,2014.17,2014.34
2024-01-19 03:00:00,2014.4,2014.83,2013.76,2014.83
2024-01-19 03:30:00,2014.84,2016.19,2014.66,2016.19
2024-01-19 04:00:00,2016.2,2018.11,2015.99,2018.11
2024-01-19 04:30:00,2018.18,2020.57,2018.18,2020.57
2024-01-19 05:00:00,2020.59,2020.6,2018.74,2019.75
2024-01-19 05:30:00,2019.76,2020.21,2019.69,2019.83
2024-01-19 06:00:00,2019.84,2020.89,2019.84,2020.88
2024-01-19 06:30:00,2020.91,2022.5,2020.91,2022.46
2024-01-19 07:00:00,2022.45,2022.98,2022.15,2022.96
2024-01-19 07:30:00,2022.96,2023.21,2022.82,2023.12
2024-01-19 08:00:00,2023.12,2023.13,2023.12,2023.13
2024-01-19 08:30:00,2023.13,2023.13,2023.13,2023.13
2024-01-19 09:00:00,2023.13,2024.15,2022.79,2022.79
2024-01-19 09:30:00,2022.75,2023.86,2022.21,2023.86
2024-01-19 10:00:00,2023.86,2024.05,2023.08,2024.01
2024-01-19 10:30:00,2024.01,2024.08,2022.97,2023.4
2024-01-19 11:00:00,2023.41,2023.84,2022.75,2022.96
2024-01-19 11:30:00,2022.98,2024.93,2022.98,2023.98
2024-01-19 12:00:00,2023.99,2024.01,2023.12,2023.54
2024-01-19 12:30:00,2023.55,2024.74,2023.5,2024.13
2024-01-19 13:00:00,2024.14,2024.14,2022.54,2022.55
2024-01-19 13:30:00,2022.55,2022.83,2022.44,2022.83
2024-01-19 14:00:00,2022.84,2022.86,2021.05,2021.05
2024-01-19 14:30:00,2021.03,2021.19,2020.86,2021.03
2024-01-19 15:00:00,2021.04,2021.31,2020.75,2020.78
2024-01-19 15:30:00,2020.76,2021.56,2020.76,2021.56
2024-01-19 16:00:00,2021.58,2022.9,2021.41,2022.9
2024-01-19 16:30:00,2022.94,2024.06,2022.74,2024.05
2024-01-19 17:00:00,2024.04,2026.05,2024.04,2026.05
2024-01-19 17:30:00,2026.13,2028.86,2026.13,2028.31
2024-01-19 18:00:00,2028.29,2028.29,2026.86,2027.1
2024-01-19 18:30:00,2027.06,2029.51,2026.7,2029.51
2024-01-19 19:00:00,2029.52,2030.24,2029.52,2029.82
2024-01-19 19:30:00,2029.84,2029.9,2028.19,2029.34
2024-01-19 20:00:00,2029.35,2030.55,2029.35,2030.37
2024-01-19 20:30:00,2030.37,2030.68,2029.49,2030.57
2024-01-19 21:00:00,2030.56,2031.24,2029.7,2030.0
2024-01-19 21:30:00,2030.03,2031.89,2030.03,2031.57
2024-01-19 22:00:00,2031.71,2033.34,2031.69,2033.34
2024-01-19 22:30:00,2033.35,2034.74,2033.35,2033.47
2024-01-19 23:00:00,2033.44,2037.16,2033.31,2037.08
2024-01-19 23:30:00,2037.05,2037.38,2035.39,2035.4
2024-01-20 00:00:00,2035.37,2035.39,2032.48,2032.48
2024-01-20 00:30:00,2032.45,2032.45,2027.4,2028.73
2024-01-20 01:00:00,2028.76,2029.08,2024.73,2025.24
2024-01-20 01:30:00,2025.3,2026.64,2024.62,2026.64
2024-01-20 02:00:00,2026.71,2028.61,2025.29,2025.29
2024-01-20 02:30:00,2025.29,2025.45,2024.45,2024.62
2024-01-20 03:00:00,2024.66,2027.1,2024.66,2027.1
2024-01-20 03:30:00,2027.13,2028.35,2026.72,2028.35
2024-01-20 04:00:00,2028.37,2028.68,2027.37,2027.38
2024-01-20 04:30:00,2027.38,2027.68,2026.95,2027.64
2024-01-20 05:00:00,2027.63,2028.86,2027.63,2028.46
2024-01-20 05:30:00,2028.45,2029.25,2028.45,2029.11
2024-01-20 06:00:00,2029.13,2029.32,2028.37,2028.51
2024-01-20 06:30:00,2028.5,2028.63,2028.04,2028.17
2024-01-20 07:00:00,2028.18,2029.28,2028.18,2029.26
2024-01-20 07:30:00,2029.28,2029.83,2029.27,2029.57
2024-01-20 08:00:00,2029.28,2029.83,2029.27,2029.57
2024-01-20 08:30:00,2029.28,2029.83,2029.27,2029.57
2024-01-20 09:00:00,2029.28,2029.83,2029.27,2029.57
2024-01-20 09:30:00,2029.28,2029.83,2029.27,2029.57
2024-01-20 10:00:00,2029.28,2029.83,2029.27,2029.57
2024-01-20 10:30:00,2029.28,2029.83,2029.27,2029.57
2024-01-20 11:00:00,2029.28,2029.83,2029.27,2029.57
2024-01-20 11:30:00,2029.28,2029.83,2029.27,2029.57
2024-01-20 12:00:00,2029.28,2029.83,2029.27,2029.57
2024-01-20 12:30:00,2029.28,2029.83,2029.27,2029.57
2024-01-20 13:00:00,2029.28,2029.83,2029.27,2029.57
2024-01-20 13:30:00,2029.28,2029.83,2029.27,2029.57
2024-01-20 14:00:00,2029.28,2029.83,2029.27,2029.57
2024-01-20 14:30:00,2029.28,2029.83,2029.27,2029.57
2024-01-20 15:00:00,2029.28,2029.83,2029.27,2029.57
2024-01-20 15:30:00,2029.28,2029.83,2029.27,2029.57
2024-01-20 16:00:00,2029.28,2029.83,2029.27,2029.57
2024-01-20 16:30:00,2029.28,2029.83,2029.27,2029.57
2024-01-20 17:00:00,2029.28,2029.83,2029.27,2029.57
2024-01-20 17:30:00,2029.28,2029.83,2029.27,2029.57
2024-01-20 18:00:00,2029.28,2029.83,2029.27,2029.57
2024-01-20 18:30:00,2029.28,2029.83,2029.27,2029.57
2024-01-20 19:00:00,2029.28,2029.83,2029.27,2029.57
2024-01-20 19:30:00,2029.28,2029.83,2029.27,2029.57
2024-01-20 20:00:00,2029.28,2029.83,2029.27,2029.57
2024-01-20 20:30:00,2029.28,2029.83,2029.27,2029.57
2024-01-20 21:00:00,2029.28,2029.83,2029.27,2029.57
2024-01-20 21:30:00,2029.28,2029.83,2029.27,2029.57
2024-01-20 22:00:00,2029.28,2029.83,2029.27,2029.57
2024-01-20 22:30:00,2029.28,2029.83,2029.27,2029.57
2024-01-20 23:00:00,2029.28,2029.83,2029.27,2029.57
2024-01-20 23:30:00,2029.28,2029.83,2029.27,2029.57
2024-01-21 00:00:00,2029.28,2029.83,2029.27,2029.57
2024-01-21 00:30:00,2029.28,2029.83,2029.27,2029.57
2024-01-21 01:00:00,2029.28,2029.83,2029.27,2029.57
2024-01-21 01:30:00,2029.28,2029.83,2029.27,2029.57
2024-01-21 02:00:00,2029.28,2029.83,2029.27,2029.57
2024-01-21 02:30:00,2029.28,2029.83,2029.27,2029.57
2024-01-21 03:00:00,2029.28,2029.83,2029.27,2029.57
2024-01-21 03:30:00,2029.28,2029.83,2029.27,2029.57
2024-01-21 04:00:00,2029.28,2029.83,2029.27,2029.57
2024-01-21 04:30:00,2029.28,2029.83,2029.27,2029.57
2024-01-21 05:00:00,2029.28,2029.83,2029.27,2029.57
2024-01-21 05:30:00,2029.28,2029.83,2029.27,2029.57
2024-01-21 06:00:00,2029.28,2029.83,2029.27,2029.57
2024-01-21 06:30:00,2029.28,2029.83,2029.27,2029.57
2024-01-21 07:00:00,2029.28,2029.83,2029.27,2029.57
2024-01-21 07:30:00,2029.28,2029.83,2029.27,2029.57
2024-01-21 08:00:00,2029.28,2029.83,2029.27,2029.57
2024-01-21 08:30:00,2029.28,2029.83,2029.27,2029.57
2024-01-21 09:00:00,2029.28,2029.83,2029.27,2029.57
2024-01-21 09:30:00,2029.28,2029.83,2029.27,2029.57
2024-01-21 10:00:00,2029.28,2029.83,2029.27,2029.57
2024-01-21 10:30:00,2029.28,2029.83,2029.27,2029.57
2024-01-21 11:00:00,2029.28,2029.83,2029.27,2029.57
2024-01-21 11:30:00,2029.28,2029.83,2029.27,2029.57
2024-01-21 12:00:00,2029.28,2029.83,2029.27,2029.57
2024-01-21 12:30:00,2029.28,2029.83,2029.27,2029.57
2024-01-21 13:00:00,2029.28,2029.83,2029.27,2029.57
2024-01-21 13:30:00,2029.28,2029.83,2029.27,2029.57
2024-01-21 14:00:00,2029.28,2029.83,2029.27,2029.57
2024-01-21 14:30:00,2029.28,2029.83,2029.27,2029.57
2024-01-21 15:00:00,2029.28,2029.83,2029.27,2029.57
2024-01-21 15:30:00,2029.28,2029.83,2029.27,2029.57
2024-01-21 16:00:00,2029.28,2029.83,2029.27,2029.57
2024-01-21 16:30:00,2029.28,2029.83,2029.27,2029.57
2024-01-21 17:00:00,2029.28,2029.83,2029.27,2029.57
2024-01-21 17:30:00,2029.28,2029.83,2029.27,2029.57
2024-01-21 18:00:00,2029.28,2029.83,2029.27,2029.57
2024-01-21 18:30:00,2029.28,2029.83,2029.27,2029.57
2024-01-21 19:00:00,2029.28,2029.83,2029.27,2029.57
2024-01-21 19:30:00,2029.28,2029.83,2029.27,2029.57
2024-01-21 20:00:00,2029.28,2029.83,2029.27,2029.57
2024-01-21 20:30:00,2029.28,2029.83,2029.27,2029.57
2024-01-21 21:00:00,2029.28,2029.83,2029.27,2029.57
2024-01-21 21:30:00,2029.28,2029.83,2029.27,2029.57
2024-01-21 22:00:00,2029.28,2029.83,2029.27,2029.57
2024-01-21 22:30:00,2029.28,2029.83,2029.27,2029.57
2024-01-21 23:00:00,2029.28,2029.83,2029.27,2029.57
2024-01-21 23:30:00,2029.28,2029.83,2029.27,2029.57
2024-01-22 00:00:00,2029.28,2029.83,2029.27,2029.57
2024-01-22 00:30:00,2029.28,2029.83,2029.27,2029.57
2024-01-22 01:00:00,2029.28,2029.83,2029.27,2029.57
2024-01-22 01:30:00,2029.28,2029.83,2029.27,2029.57
2024-01-22 02:00:00,2029.28,2029.83,2029.27,2029.57
2024-01-22 02:30:00,2029.28,2029.83,2029.27,2029.57
2024-01-22 03:00:00,2029.28,2029.83,2029.27,2029.57
2024-01-22 03:30:00,2029.28,2029.83,2029.27,2029.57
2024-01-22 04:00:00,2029.28,2029.83,2029.27,2029.57
2024-01-22 04:30:00,2029.28,2029.83,2029.27,2029.57
2024-01-22 05:00:00,2029.28,2029.83,2029.27,2029.57
2024-01-22 05:30:00,2029.28,2029.83,2029.27,2029.57
2024-01-22 06:00:00,2029.28,2029.83,2029.27,2029.57
2024-01-22 06:30:00,2029.28,2029.83,2029.27,2029.57
2024-01-22 07:00:00,2028.85,2029.26,2028.85,2029.26
2024-01-22 07:30:00,2028.85,2029.26,2028.85,2029.26
2024-01-22 08:00:00,2028.85,2029.26,2028.85,2029.26
2024-01-22 08:30:00,2028.85,2029.26,2028.85,2029.26
2024-01-22 09:00:00,2029.24,2029.24,2027.6,2027.95
2024-01-22 09:30:00,2027.93,2027.93,2027.3,2027.54
2024-01-22 10:00:00,2027.55,2028.24,2026.52,2026.52
2024-01-22 10:30:00,2026.49,2028.81,2026.43,2028.81
2024-01-22 11:00:00,2028.83,2031.2,2028.83,2030.64
2024-01-22 11:30:00,2030.65,2030.65,2029.24,2029.24
2024-01-22 12:00:00,2029.24,2029.53,2028.95,2029.44
2024-01-22 12:30:00,2029.46,2029.73,2029.39,2029.68
2024-01-22 13:00:00,2029.7,2029.75,2026.91,2026.91
2024-01-22 13:30:00,2026.88,2027.32,2026.66,2026.93
2024-01-22 14:00:00,2026.94,2027.07,2026.71,2026.87
2024-01-22 14:30:00,2026.84,2026.84,2025.33,2025.36
2024-01-22 15:00:00,2025.37,2025.47,2022.58,2022.58
2024-01-22 15:30:00,2022.62,2023.94,2022.62,2023.36
2024-01-22 16:00:00,2023.34,2023.58,2021.23,2023.38
2024-01-22 16:30:00,2023.44,2023.84,2021.25,2021.25
2024-01-22 17:00:00,2021.23,2023.61,2020.37,2023.36
2024-01-22 17:30:00,2023.31,2023.41,2022.1,2022.77
2024-01-22 18:00:00,2022.71,2024.89,2021.97,2024.89
2024-01-22 18:30:00,2024.95,2024.95,2021.2,2021.5
2024-01-22 19:00:00,2021.56,2023.46,2021.56,2022.6
2024-01-22 19:30:00,2022.59,2022.61,2021.44,2021.84
2024-01-22 20:00:00,2021.83,2023.62,2021.52,2023.62
2024-01-22 20:30:00,2023.64,2024.12,2023.15,2023.22
2024-01-22 21:00:00,2023.19,2023.73,2022.63,2023.31
2024-01-22 21:30:00,2023.32,2026.1,2023.3,2026.1
2024-01-22 22:00:00,2026.11,2027.91,2025.65,2027.85
2024-01-22 22:30:00,2027.86,2029.75,2027.84,2029.74
2024-01-22 23:00:00,2029.74,2029.74,2025.35,2025.5
2024-01-22 23:30:00,2025.49,2025.49,2022.8,2023.47
2024-01-23 00:00:00,2023.49,2023.49,2021.87,2021.87
2024-01-23 00:30:00,2021.8,2023.29,2020.87,2023.28
2024-01-23 01:00:00,2023.27,2025.8,2022.24,2025.8
2024-01-23 01:30:00,2025.82,2025.88,2024.27,2024.27
2024-01-23 02:00:00,2024.22,2024.22,2022.04,2022.73
2024-01-23 02:30:00,2022.73,2023.76,2022.73,2023.62
2024-01-23 03:00:00,2023.63,2024.16,2022.57,2023.91
2024-01-23 03:30:00,2023.89,2023.89,2022.03,2022.03
2024-01-23 04:00:00,2021.99,2021.99,2021.13,2021.13
2024-01-23 04:30:00,2021.09,2021.35,2020.5,2021.2
2024-01-23 05:00:00,2021.21,2021.4,2019.61,2020.21
2024-01-23 05:30:00,2020.21,2021.14,2020.2,2021.06
2024-01-23 06:00:00,2021.07,2021.07,2019.59,2019.62
2024-01-23 06:30:00,2019.63,2020.9,2019.63,2020.84
2024-01-23 07:00:00,2020.84,2020.86,2020.4,2020.58
2024-01-23 07:30:00,2020.58,2021.58,2020.57,2021.58
2024-01-23 08:00:00,2021.6,2021.71,2021.6,2021.71
2024-01-23 08:30:00,2021.71,2021.71,2021.71,2021.71
2024-01-23 09:00:00,2021.71,2021.82,2021.06,2021.26
2024-01-23 09:30:00,2021.26,2021.28,2020.92,2020.98
2024-01-23 10:00:00,2020.97,2022.02,2020.97,2021.93
2024-01-23 10:30:00,2021.94,2022.9,2021.94,2022.78
2024-01-23 11:00:00,2022.79,2022.79,2020.19,2020.41
2024-01-23 11:30:00,2020.42,2021.13,2020.13,2020.79
2024-01-23 12:00:00,2020.82,2022.92,2020.82,2022.91
2024-01-23 12:30:00,2022.91,2023.72,2022.74,2022.74
2024-01-23 13:00:00,2022.73,2023.75,2022.23,2023.75
2024-01-23 13:30:00,2023.78,2027.27,2023.78,2027.27
2024-01-23 14:00:00,2027.29,2027.77,2027.07,2027.22
2024-01-23 14:30:00,2027.23,2027.59,2027.15,2027.59
2024-01-23 15:00:00,2027.61,2028.85,2027.61,2028.85
2024-01-23 15:30:00,2028.92,2030.92,2028.92,2030.91
2024-01-23 16:00:00,2030.91,2030.91,2029.75,2030.6
2024-01-23 16:30:00,2030.59,2033.7,2030.14,2033.7
2024-01-23 17:00:00,2033.8,2036.2,2029.91,2029.91
2024-01-23 17:30:00,2029.88,2031.35,2029.76,2031.35
2024-01-23 18:00:00,2031.37,2031.4,2029.78,2029.95
2024-01-23 18:30:00,2029.96,2030.53,2029.08,2029.17
2024-01-23 19:00:00,2029.15,2029.81,2028.24,2029.43
2024-01-23 19:30:00,2029.48,2029.95,2027.71,2028.24
2024-01-23 20:00:00,2028.27,2028.31,2026.76,2026.79
2024-01-23 20:30:00,2026.76,2026.97,2025.23,2025.23
2024-01-23 21:00:00,2025.24,2025.58,2023.7,2023.7
2024-01-23 21:30:00,2023.66,2023.79,2023.28,2023.6
2024-01-23 22:00:00,2023.77,2025.07,2023.64,2024.85
2024-01-23 22:30:00,2024.8,2026.12,2024.36,2026.12
2024-01-23 23:00:00,2026.1,2027.39,2026.04,2027.24
2024-01-23 23:30:00,2027.32,2027.7,2024.75,2024.89
2024-01-24 00:00:00,2024.9,2025.57,2023.48,2023.48
2024-01-24 00:30:00,2023.47,2023.85,2022.97,2023.19
2024-01-24 01:00:00,2023.19,2024.94,2023.19,2024.3
2024-01-24 01:30:00,2024.34,2025.93,2024.21,2025.64
2024-01-24 02:00:00,2025.6,2026.93,2024.76,2024.76
2024-01-24 02:30:00,2024.72,2025.99,2023.96,2025.88
2024-01-24 03:00:00,2025.9,2025.92,2023.86,2024.3
2024-01-24 03:30:00,2024.32,2024.37,2023.03,2024.28
2024-01-24 04:00:00,2024.29,2024.3,2023.36,2023.94
2024-01-24 04:30:00,2024.0,2025.65,2024.0,2025.24
2024-01-24 05:00:00,2025.23,2028.15,2025.05,2028.15
2024-01-24 05:30:00,2028.14,2030.24,2028.14,2029.99
2024-01-24 06:00:00,2030.0,2030.0,2028.77,2028.77
2024-01-24 06:30:00,2028.76,2028.8,2028.5,2028.58
2024-01-24 07:00:00,2028.57,2028.64,2028.09,2028.54
2024-01-24 07:30:00,2028.53,2029.16,2028.52,2029.16
2024-01-24 08:00:00,2029.17,2029.21,2029.17,2029.2
2024-01-24 08:30:00,2029.21,2029.21,2029.2,2029.2
2024-01-24 09:00:00,2029.21,2029.57,2028.61,2028.61
2024-01-24 09:30:00,2028.55,2029.06,2027.84,2029.06
2024-01-24 10:00:00,2029.1,2029.12,2028.07,2028.07
2024-01-24 10:30:00,2028.06,2028.06,2027.32,2027.62
2024-01-24 11:00:00,2027.61,2028.25,2027.12,2027.73
